Nombre del jugador;Club;Nacionalidad;Posicion;Apariciones;Minutos;Goles;Asistencias;Disparos;Disparos al arco;Pases;Pases exitosos
Ben White;Arsenal;England;DEF;17;1198;0;2;9;12;1678;1493
Bukayo Saka;Arsenal;England;MID;25;1735;6;10;67;2;643;556
David Raya;Arsenal;Spain;GKP;38;3420;0;0;0;0;0;0
Declan Rice;Arsenal;England;MID;35;2833;4;7;48;18;789;641
Ethan Nwaneri;Arsenal;England;MID;26;889;4;0;24;0;0;0
Gabriel Jesus;Arsenal;Brazil;FWD;17;603;3;0;20;0;0;0
Gabriel Magalhães;Arsenal;Brazil;DEF;28;2365;3;1;22;25;590;466
Gabriel Martinelli;Arsenal;Brazil;MID;33;2300;8;4;55;12;344;236
Jakub Kiwior;Arsenal;Poland;DEF;17;1117;1;0;3;1;533;461
Jorginho;Arsenal;Italy;MID;15;702;0;0;2;0;0;0
Jurriën Timber;Arsenal;Netherlands;DEF;30;2422;1;3;14;34;451;294
Kai Havertz;Arsenal;Germany;FWD;23;1874;9;3;53;2;528;428
Kieran Tierney;Arsenal;Scotland;DEF;13;252;1;0;2;0;0;0
Leandro Trossard;Arsenal;Belgium;MID;38;2550;8;7;72;2;950;765
Martin Ødegaard;Arsenal;Norway;MID;30;2328;3;8;49;12;1878;1742
Mikel Merino;Arsenal;Spain;MID;28;1581;7;2;38;7;1368;1062
Myles Lewis-Skelly;Arsenal;England;DEF;23;1370;1;0;3;6;1961;1693
Nathan Butler-Oyedeji;Arsenal;England;FWD;1;6;0;0;1;0;0;0
Neto;Arsenal;Brazil;GKP;2;180;0;0;0;0;0;0
Oleksandr Zinchenko;Arsenal;Ukraine;DEF;15;522;0;0;10;0;0;0
Raheem Sterling;Arsenal;England;MID;17;496;0;2;11;0;0;0
Riccardo Calafiori;Arsenal;Italy;DEF;19;984;2;1;10;2;1204;1101
Takehiro Tomiyasu;Arsenal;Japan;DEF;1;6;0;0;1;0;0;0
Thomas Partey;Arsenal;Ghana;MID;35;2799;4;0;26;3;786;652
William Saliba;Arsenal;France;DEF;35;3041;2;0;6;1;1550;1370
Amadou Onana;Aston Villa;Belgium;MID;26;1624;3;0;17;9;786;611
Andrés García;Aston Villa;Spain;DEF;7;317;0;0;2;0;0;0
Axel Disasi;Aston Villa;France;DEF;13;853;1;0;4;0;0;0
Boubacar Kamara;Aston Villa;France;MID;26;1725;1;0;10;0;1218;1066
Diego Carlos;Aston Villa;Brazil;DEF;10;828;0;0;4;0;0;0
Donyell Malen;Aston Villa;Netherlands;FWD;14;298;3;0;15;0;0;0
Emiliano Buendía;Aston Villa;Argentina;MID;12;89;0;0;5;0;0;0
Emiliano Martínez;Aston Villa;Argentina;GKP;37;3195;0;0;0;0;0;0
Ezri Konsa;Aston Villa;England;DEF;34;2937;2;0;11;11;1942;1641
Ian Maatsen;Aston Villa;Netherlands;DEF;29;1128;1;2;19;4;1897;1713
Jacob Ramsey;Aston Villa;England;MID;29;1628;1;3;19;8;768;654
Jhon Durán;Aston Villa;Colombia;FWD;20;626;7;0;31;0;0;0
John McGinn;Aston Villa;Scotland;MID;34;2230;1;4;31;20;626;467
Kosta Nedeljkovic;Aston Villa;Serbia;DEF;5;121;0;0;0;0;0;0
Lamare Bogarde;Aston Villa;Netherlands;DEF;8;475;0;0;1;0;0;0
Leon Bailey;Aston Villa;Jamaica;MID;24;1143;1;2;28;1;700;599
Lucas Digne;Aston Villa;France;DEF;32;2358;0;4;13;6;1407;1109
Marco Asensio;Aston Villa;Spain;DEF;13;745;3;1;24;0;0;0
Marcus Rashford;Aston Villa;England;MID;25;1426;6;3;35;17;792;636
Matty Cash;Aston Villa;Poland;DEF;27;2077;1;1;13;6;1468;1203
Morgan Rogers;Aston Villa;England;MID;37;3129;8;10;55;6;1420;1129
Ollie Watkins;Aston Villa;England;FWD;38;2610;16;8;84;17;286;241
Pau Torres;Aston Villa;Spain;DEF;24;2020;0;0;8;15;261;160
Robin Olsen;Aston Villa;Sweden;GKP;4;225;0;0;0;0;0;0
Ross Barkley;Aston Villa;England;MID;20;569;3;1;16;0;0;0
Tyrone Mings;Aston Villa;England;DEF;14;1121;0;0;9;0;1027;840
Youri Tielemans;Aston Villa;Belgium;MID;36;3032;3;7;41;6;722;611
Adam Smith;Bournemouth;England;DEF;25;1596;0;0;3;0;526;414
Alex Scott;Bournemouth;England;MID;20;751;0;0;15;0;0;0
Antoine Semenyo;Bournemouth;Ghana;MID;37;3209;0;5;125;2;1628;1318
Ben Winterburn;Bournemouth;England;MID;4;22;0;0;0;0;0;0
Dango Ouattara;Bournemouth;Burkina Faso;MID;32;2006;7;0;62;18;1137;854
Daniel Jebbison;Bournemouth;Canada;FWD;16;105;1;0;5;0;0;0
David Brooks;Bournemouth;Wales;MID;29;949;2;0;25;4;1601;1348
Dean Huijsen;Bournemouth;Spain;DEF;32;2422;3;2;18;15;1476;1326
Enes Ünal;Bournemouth;Turkiye;FWD;17;331;2;0;20;0;0;0
Evanilson;Bournemouth;Brazil;FWD;31;2335;0;1;73;5;1633;1523
Illia Zabarnyi;Bournemouth;Ukraine;DEF;36;3113;0;0;12;29;680;476
James Hill;Bournemouth;England;DEF;10;448;0;0;6;0;0;0
Julián Araujo;Bournemouth;Mexico;DEF;12;497;0;0;0;0;0;0
Julio Soler;Bournemouth;Argentina;DEF;3;9;0;0;0;0;0;0
Justin Kluivert;Bournemouth;Netherlands;MID;34;2356;0;0;63;21;501;400
Kepa;Bournemouth;Spain;GKP;31;2790;0;0;1;0;0;0
Lewis Cook;Bournemouth;England;MID;36;2978;1;3;14;3;1934;1768
Lloyd Kelly;Bournemouth;England;DEF;10;301;0;1;3;0;0;0
Luis Sinisterra;Bournemouth;Colombia;MID;12;230;1;0;13;0;0;0
Marcos Senesi;Bournemouth;Argentina;DEF;17;1108;0;0;3;16;446;350
Marcus Tavernier;Bournemouth;England;MID;29;1938;3;5;57;5;589;479
Mark Travers;Bournemouth;Ireland;GKP;5;450;0;0;0;0;0;0
Max Aarons;Bournemouth;England;DEF;3;85;0;0;0;0;0;0
Milos Kerkez;Bournemouth;Hungary;DEF;38;3342;2;5;19;61;1155;853
Philip Billing;Bournemouth;Denmark;MID;10;176;0;0;5;0;0;0
Remy Rees-Dottin;Bournemouth;England;FWD;1;1;0;0;0;0;0;0
Ryan Christie;Bournemouth;Scotland;MID;29;2131;2;3;33;1;620;519
Tyler Adams;Bournemouth;United States;MID;28;1965;0;3;9;9;586;494
Zain Silcott-Duberry;Bournemouth;England;FWD;1;1;0;0;0;0;0;0
Ben Mee;Brentford;England;DEF;7;181;0;0;0;0;0;0
Bryan Mbeumo;Brentford;Cameroon;MID;38;3415;20;7;85;23;598;504
Christian Nørgaard;Brentford;Denmark;MID;34;2829;5;0;39;12;330;299
Ethan Pinnock;Brentford;Jamaica;DEF;22;1913;2;0;10;32;341;244
Fábio Carvalho;Brentford;Portugal;FWD;19;446;2;1;12;0;0;0
Frank Onyeka;Brentford;Nigeria;MID;2;23;0;0;0;0;0;0
Gustavo Nunes;Brentford;Brazil;FWD;3;11;0;0;0;0;0;0
Hákon Valdimarsson;Brentford;Iceland;GKP;2;144;0;0;0;0;0;0
Igor Thiago;Brentford;Brazil;FWD;8;168;0;0;2;0;0;0
Jayden Meghoma;Brentford;England;DEF;1;4;0;0;0;0;0;0
Keane Lewis-Potter;Brentford;England;MID;38;3101;1;3;28;2;767;636
Kevin Schade;Brentford;Germany;MID;38;2301;0;2;55;0;1038;886
Kim Ji-Soo;Brentford;South Korea;DEF;3;28;0;0;0;0;0;0
Kristoffer Ajer;Brentford;Norway;DEF;24;1441;0;0;9;2;731;648
Mads Roerslev;Brentford;Denmark;DEF;19;1096;0;0;5;5;1214;1081
Mark Flekken;Brentford;Netherlands;GKP;37;3276;0;2;0;0;0;0
Mathias Jensen;Brentford;Denmark;MID;24;852;0;2;6;0;0;0
Michael Kayode;Brentford;Italy;DEF;12;528;0;0;2;0;0;0
Mikkel Damsgaard;Brentford;Denmark;MID;38;2926;2;10;35;5;1350;1086
Nathan Collins;Brentford;Ireland;DEF;38;3420;2;3;17;7;850;692
Paris Maghoma;Brentford;England;MID;8;112;0;0;1;0;0;0
Rico Henry;Brentford;England;DEF;5;94;0;0;0;0;0;0
Ryan Trevitt;Brentford;England;MID;1;3;0;0;0;0;0;0
Sepp van den Berg;Brentford;Netherlands;DEF;31;2588;0;0;20;8;332;272
Vitaly Janelt;Brentford;Germany;MID;32;2266;1;3;14;2;473;389
Yehor Yarmoliuk;Brentford;Ukraine;MID;31;1442;0;0;9;43;563;447
Yoane Wissa;Brentford;DR Congo;FWD;35;2927;19;0;90;13;1933;1662
Yunus Konak;Brentford;Turkiye;MID;10;36;0;0;1;0;0;0
Jakub Moder;Brighton;Poland;MID;4;9;0;0;0;0;0;0
James Milner;Brighton;England;MID;4;173;0;0;2;0;0;0
Adam Webster;Brighton & Hove Albion;England;DEF;14;888;0;0;5;0;0;0
Bart Verbruggen;Brighton & Hove Albion;Netherlands;GKP;36;3240;0;0;0;0;0;0
Billy Gilmour;Brighton & Hove Albion;Scotland;MID;2;97;0;0;1;0;0;0
Brajan Gruda;Brighton & Hove Albion;Germany;MID;21;681;1;4;11;0;0;0
Carlos Baleba;Brighton & Hove Albion;Cameroon;MID;34;2670;3;1;44;9;629;558
Danny Welbeck;Brighton & Hove Albion;England;FWD;30;2122;10;0;60;2;1502;1190
Diego Gómez;Brighton & Hove Albion;Paraguay;MID;16;512;1;0;9;0;0;0
Eiran Cashin;Brighton & Hove Albion;Ireland;DEF;2;19;0;0;0;0;0;0
Ferdi Kadioglu;Brighton & Hove Albion;Turkiye;DEF;6;388;1;0;4;0;0;0
Georginio Rutter;Brighton & Hove Albion;France;MID;28;1666;5;3;50;8;310;240
Harry Howell;Brighton & Hove Albion;England;MID;1;6;0;0;0;0;0;0
Igor Julio;Brighton & Hove Albion;Brazil;DEF;13;960;0;0;1;18;691;587
Jack Hinshelwood;Brighton & Hove Albion;England;MID;26;1846;5;2;18;2;938;867
Jan Paul van Hecke;Brighton & Hove Albion;Netherlands;DEF;34;2959;1;0;17;2;958;870
Jason Steele;Brighton & Hove Albion;England;GKP;2;180;0;0;0;0;0;0
Jeremy Sarmiento;Brighton & Hove Albion;Ecuador;MID;1;8;0;0;0;0;0;0
João Pedro;Brighton & Hove Albion;Brazil;FWD;27;1953;10;0;47;5;789;683
Joël Veltman;Brighton & Hove Albion;Netherlands;DEF;21;1699;0;0;6;12;2528;2310
Kaoru Mitoma;Brighton & Hove Albion;Japan;FWD;36;2608;10;4;57;14;1048;844
Lewis Dunk;Brighton & Hove Albion;England;DEF;25;2083;0;0;12;1;1313;1121
Mats Wieffer;Brighton & Hove Albion;Netherlands;MID;25;1008;1;0;9;3;1210;1031
Matt O'Riley;Brighton & Hove Albion;Denmark;MID;21;937;2;0;22;10;1370;1238
Pervis Estupiñán;Brighton & Hove Albion;Ecuador;DEF;30;2403;1;1;28;16;852;755
Simon Adingra;Brighton & Hove Albion;Cote D’Ivoire;MID;29;1091;2;2;33;26;833;700
Solly March;Brighton & Hove Albion;England;MID;8;162;0;0;2;0;0;0
Tariq Lamptey;Brighton & Hove Albion;Ghana;DEF;15;860;2;2;6;0;0;0
Yankuba Minteh;Brighton & Hove Albion;Gambia;MID;32;1841;6;4;34;8;900;769
Yasin Ayari;Brighton & Hove Albion;Sweden;MID;34;1966;2;1;28;2;739;652
Benoît Badiashile;Chelsea;France;DEF;5;333;0;0;0;0;0;0
Christopher Nkunku;Chelsea;France;MID;27;911;3;0;25;23;547;458
Cole Palmer;Chelsea;England;MID;37;3195;15;8;126;2;1067;976
Enzo Fernández;Chelsea;Argentina;MID;36;2946;6;7;53;60;375;253
Filip Jørgensen;Chelsea;Denmark;GKP;6;540;0;0;0;0;0;0
Jadon Sancho;Chelsea;England;MID;31;1764;3;0;24;3;605;492
João Félix;Chelsea;Portugal;FWD;12;364;1;1;20;0;0;0
Josh Acheampong;Chelsea;England;DEF;4;169;0;0;2;0;0;0
Kiernan Dewsbury-Hall;Chelsea;England;MID;13;259;0;1;1;0;0;0
Levi Colwill;Chelsea;England;DEF;35;3149;2;1;17;4;1378;1129
Malo Gusto;Chelsea;France;DEF;32;1858;0;0;22;2;1722;1620
Marc Cucurella;Chelsea;Spain;DEF;36;2989;5;1;24;7;1741;1465
Marc Guiu;Chelsea;Spain;DEF;3;71;0;0;0;0;0;0
Mathis Amougou;Chelsea;France;MID;1;7;0;0;0;0;0;0
Moisés Caicedo;Chelsea;Ecuador;MID;38;3356;1;2;20;22;1213;979
Mykhailo Mudryk;Chelsea;Ukraine;MID;7;145;0;0;1;0;0;0
Nicolas Jackson;Chelsea;Senegal;FWD;30;2238;10;5;76;32;599;501
Noni Madueke;Chelsea;England;MID;32;2046;7;3;80;7;1091;897
Pedro Neto;Chelsea;Portugal;MID;35;2268;4;0;59;8;1440;1095
Reece James;Chelsea;England;DEF;19;1064;1;0;11;6;479;421
Renato Veiga;Chelsea;Portugal;MID;7;177;0;0;3;0;0;0
Robert Sánchez;Chelsea;Spain;GKP;32;2880;0;0;0;0;0;0
Roméo Lavia;Chelsea;Belgium;MID;16;801;0;1;2;0;0;0
Shumaira Mheuka;Chelsea;England;FWD;1;1;0;0;1;0;0;0
Tosin Adarabioyo;Chelsea;England;DEF;22;1404;1;1;13;3;1665;1441
Trevoh Chalobah;Chelsea;England;DEF;25;1974;3;1;18;2;1056;897
Tyrique George;Chelsea;England;FWD;8;178;1;0;3;0;0;0
Wesley Fofana;Chelsea;France;DEF;14;1176;0;0;3;8;1003;826
Adam Wharton;Crystal Palace;England;MID;20;1326;0;2;13;5;679;534
Asher Agbinone;Crystal Palace;England;FWD;2;4;0;0;1;0;0;0
Ben Chilwell;Crystal Palace;England;DEF;8;254;1;0;5;0;0;0
Caleb Kporha;Crystal Palace;England;DEF;2;11;0;0;0;0;0;0
Chadi Riad;Crystal Palace;Morocco;DEF;1;90;0;0;0;0;0;0
Cheick Doucouré;Crystal Palace;Mali;MID;13;445;0;0;7;0;0;0
Chris Richards;Crystal Palace;United States;DEF;24;1924;1;0;12;35;484;314
Daichi Kamada;Crystal Palace;Japan;MID;34;1553;0;0;20;7;1994;1767
Daniel Muñoz;Crystal Palace;Colombia;DEF;37;3233;4;5;37;24;485;415
Dean Henderson;Crystal Palace;England;GKP;38;3420;0;0;1;0;0;0
Eberechi Eze;Crystal Palace;England;MID;34;2600;8;8;102;16;235;178
Eddie Nketiah;Crystal Palace;England;FWD;29;1026;3;0;43;1;987;854
Ismaïla Sarr;Crystal Palace;Senegal;MID;38;2714;8;6;59;2;755;661
Jean-Philippe Mateta;Crystal Palace;France;FWD;37;2654;14;2;70;5;551;459
Jefferson Lerma;Crystal Palace;Colombia;MID;33;2277;0;1;26;1;732;629
Jeffrey Schlupp;Crystal Palace;Ghana;MID;12;95;0;0;4;0;0;0
Joel Ward;Crystal Palace;England;DEF;2;72;0;0;0;0;0;0
Jordan Ayew;Crystal Palace;Ghana;MID;31;1664;5;0;33;1;774;638
Justin Devenny;Crystal Palace;Northern Ireland;MID;23;496;1;1;10;0;0;0
Marc Guéhi;Crystal Palace;England;DEF;34;3059;3;2;15;0;713;552
Matheus França;Crystal Palace;Brazil;MID;4;52;1;0;6;0;0;0
Maxence Lacroix;Crystal Palace;France;DEF;35;3118;1;1;30;3;1948;1696
Nathaniel Clyne;Crystal Palace;England;DEF;13;481;0;0;2;0;0;0
Romain Esse;Crystal Palace;England;MID;7;135;1;1;1;0;0;0
Tyrick Mitchell;Crystal Palace;England;DEF;37;3102;0;5;12;1;675;596
Will Hughes;Crystal Palace;England;MID;33;2118;0;3;22;3;2547;2409
Abdoulaye Doucouré;Everton;Mali;MID;33;2577;3;2;31;10;875;724
Adam Armstrong;Everton;England;FWD;20;1252;2;2;26;9;269;225
Armando Broja;Everton;Albania;FWD;10;331;0;0;4;0;0;0
Ashley Young;Everton;England;DEF;32;1869;1;3;6;0;671;578
Beto;Everton;Guinea-Bissau;FWD;30;1528;8;0;49;7;955;767
Carlos Alcaraz;Everton;Argentina;MID;16;770;2;3;27;0;0;0
Dominic Calvert-Lewin;Everton;England;FWD;26;1613;3;1;50;26;353;252
Dwight McNeil;Everton;England;MID;21;1371;4;0;25;29;914;745
Harrison Armstrong;Everton;England;MID;3;47;0;0;1;0;0;0
Idrissa Gueye;Everton;Senegal;MID;37;3067;0;3;27;0;713;661
Iliman Ndiaye;Everton;Senegal;FWD;33;2440;9;0;37;7;1634;1509
Jack Harrison;Everton;England;MID;34;2083;1;0;29;10;943;803
Jake O'Brien;Everton;Ireland;MID;20;1569;2;0;6;1;729;670
James Garner;Everton;England;MID;21;1594;0;1;12;7;1233;963
James Tarkowski;Everton;England;DEF;33;2924;1;0;15;6;875;802
Jarrad Branthwaite;Everton;England;DEF;30;2510;0;1;10;37;700;554
Jesper Lindstrøm;Everton;Denmark;MID;25;1240;0;1;28;7;1031;923
Jordan Pickford;Everton;England;GKP;38;3420;0;0;0;0;0;0
Michael Keane;Everton;England;DEF;14;1046;3;0;10;2;797;725
Nathan Patterson;Everton;Scotland;DEF;10;345;0;0;1;0;0;0
Orel Mangala;Everton;Belgium;MID;19;1255;1;0;16;13;999;875
Roman Dixon;Everton;England;DEF;1;90;0;0;0;0;0;0
Séamus Coleman;Everton;Ireland;DEF;5;215;0;0;1;0;0;0
Tim Iroegbunam;Everton;England;MID;18;564;0;0;5;0;0;0
Vitalii Mykolenko;Everton;Ukraine;DEF;35;3084;1;0;14;4;1015;857
Youssef Chermiti;Everton;Portugal;FWD;4;42;0;0;3;0;0;0
Adama Traoré;Fulham;Spain;MID;36;1769;2;7;39;12;484;393
Alex Iwobi;Fulham;Nigeria;MID;38;2994;9;0;68;29;1376;1101
Andreas Pereira;Fulham;Brazil;MID;33;2022;2;4;39;3;1541;1356
Antonee Robinson;Fulham;United States;DEF;36;3167;0;10;16;1;1079;964
Bernd Leno;Fulham;Germany;GKP;38;3420;0;1;0;0;0;0
Calvin Bassey;Fulham;Nigeria;DEF;35;3074;1;0;14;11;247;205
Carlos Vinícius;Fulham;Brazil;MID;3;13;0;0;1;0;0;0
Emile Smith Rowe;Fulham;England;MID;34;2061;6;3;37;2;996;855
Harrison Reed;Fulham;England;MID;12;92;0;0;3;0;0;0
Harry Wilson;Fulham;Wales;MID;25;1157;6;0;43;4;1003;892
Issa Diop;Fulham;France;DEF;21;1335;0;0;5;2;370;292
Jay Stansfield;Fulham;England;FWD;1;1;0;0;0;0;0;0
Joachim Andersen;Fulham;Denmark;DEF;30;2663;0;0;20;3;338;294
Jorge Cuenca;Fulham;Spain;DEF;8;350;0;0;1;0;0;0
Josh King;Fulham;England;GKP;8;126;0;0;3;0;0;0
Kenny Tete;Fulham;Netherlands;DEF;22;1779;0;2;24;18;1028;853
Martial Godo;Fulham;England;FWD;2;21;0;0;0;0;0;0
Raúl Jiménez;Fulham;Mexico;FWD;38;2505;0;3;96;33;615;449
Reiss Nelson;Fulham;England;MID;12;488;1;1;12;0;0;0
Rodrigo Muniz;Fulham;Brazil;FWD;31;951;8;1;39;12;999;820
Ryan Sessegnon;Fulham;England;DEF;16;580;4;2;14;0;0;0
Sander Berge;Fulham;Norway;MID;31;2227;0;0;3;12;1463;1257
Sasa Lukic;Fulham;Serbia;MID;30;2355;0;2;18;21;763;666
Timothy Castagne;Fulham;Belgium;DEF;24;1643;0;1;8;2;1353;1182
Tom Cairney;Fulham;Scotland;MID;25;615;2;0;11;0;0;0
Willian;Fulham;Brazil;FWD;10;253;0;0;7;0;0;0
Alex Palmer;Ipswich Town;England;MID;13;1170;0;0;0;0;0;0
Ali Al-Hamadi;Ipswich Town;Iraq;FWD;11;125;0;0;4;0;0;0
Arijanet Muric;Ipswich Town;Kosovo;GKP;18;1620;0;0;0;0;0;0
Axel Tuanzebe;Ipswich Town;DR Congo;DEF;22;1717;0;0;4;1;1011;890
Ben Godfrey;Ipswich Town;England;DEF;3;159;0;0;0;0;0;0
Ben Johnson;Ipswich Town;England;DEF;23;1348;1;2;7;2;590;510
Cameron Burgess;Ipswich Town;Australia;DEF;18;1540;0;2;10;11;1300;1143
Christian Walton;Ipswich Town;England;GKP;7;630;0;0;0;0;0;0
Conor Chaplin;Ipswich Town;England;MID;22;854;1;1;16;0;0;0
Conor Townsend;Ipswich Town;England;DEF;6;335;0;0;1;0;0;0
Dara O'Shea;Ipswich Town;Ireland;DEF;35;3123;0;0;22;13;224;160
George Edmundson;Ipswich Town;England;DEF;1;1;0;0;0;0;0;0
George Hirst;Ipswich Town;Scotland;FWD;26;649;3;0;14;0;0;0
Harry Clarke;Ipswich Town;England;DEF;7;378;0;0;1;0;0;0
Jack Clarke;Ipswich Town;England;FWD;32;1170;0;4;17;7;513;376
Jack Taylor;Ipswich Town;Ireland;MID;32;838;1;0;19;0;0;0
Jacob Greaves;Ipswich Town;England;DEF;25;2205;1;0;10;15;844;637
Jaden Philogene;Ipswich Town;England;MID;21;800;2;0;19;0;0;0
Jens Cajuste;Ipswich Town;Sweden;MID;30;1976;1;1;12;10;348;274
Julio Enciso;Ipswich Town;Paraguay;MID;25;1164;2;3;52;9;700;591
Kalvin Phillips;Ipswich Town;England;MID;19;1239;0;0;11;8;328;275
Leif Davis;Ipswich Town;England;DEF;33;2746;1;2;16;1;757;700
Liam Delap;Ipswich Town;England;FWD;37;2612;0;2;68;6;1314;1183
Luke Woolfenden;Ipswich Town;England;DEF;15;1186;0;0;1;2;442;363
Marcus Harness;Ipswich Town;Ireland;MID;2;43;0;0;0;0;0;0
Massimo Luongo;Ipswich Town;Australia;MID;11;197;0;0;0;0;0;0
Nathan Broadhead;Ipswich Town;Wales;MID;18;696;2;0;13;0;0;0
Omari Hutchinson;Ipswich Town;England;MID;31;2590;3;2;45;6;483;436
Sam Morsy;Ipswich Town;Egypt;MID;33;2753;1;1;13;12;187;144
Sam Szmodics;Ipswich Town;Ireland;FWD;20;1001;4;0;21;1;1189;1090
Abdul Fatawu;Leicester City;Ghana;MID;11;577;0;2;13;0;0;0
Bilal El Khannouss;Leicester City;Morocco;MID;32;2193;2;3;30;3;930;825
Bobby De Cordova-Reid;Leicester City;Jamaica;MID;23;742;1;2;7;0;0;0
Boubakary Soumaré;Leicester City;France;MID;31;2170;0;0;7;20;571;433
Caleb Okoli;Leicester City;Italy;DEF;19;1122;1;0;4;17;755;669
Conor Coady;Leicester City;England;DEF;22;1713;1;0;2;1;558;484
Danny Ward;Leicester City;Wales;GKP;2;135;0;0;0;0;0;0
Facundo Buonanotte;Leicester City;Argentina;MID;31;1513;5;2;36;3;1104;1003
Hamza Choudhury;Leicester City;Bangladesh;MID;4;130;0;0;0;0;0;0
Harry Winks;Leicester City;England;MID;22;1540;0;2;10;21;548;450
Jake Evans;Leicester City;England;FWD;4;21;0;0;0;0;0;0
Jakub Stolarczyk;Leicester City;Poland;GKP;10;900;0;0;0;0;0;0
James Justin;Leicester City;England;DEF;36;2920;2;2;25;17;1147;995
Jamie Vardy;Leicester City;England;FWD;35;2839;9;0;58;3;1683;1563
Jannik Vestergaard;Leicester City;Denmark;DEF;18;1395;0;0;3;3;1184;981
Jeremy Monga;Leicester City;England;FWD;7;105;0;0;3;0;0;0
Kasey McAteer;Leicester City;Ireland;MID;18;852;1;1;13;0;0;0
Luke Thomas;Leicester City;England;DEF;14;1112;0;0;5;0;559;495
Mads Hermansen;Leicester City;Denmark;GKP;27;2385;0;0;0;0;0;0
Michael Golding;Leicester City;England;MID;1;1;0;0;0;0;0;0
Odsonne Édouard;Leicester City;France;FWD;6;142;0;0;5;0;0;0
Olabade Aluko;Leicester City;England;DEF;1;1;0;0;0;0;0;0
Oliver Skipp;Leicester City;England;MID;24;1120;0;0;5;40;414;307
Patson Daka;Leicester City;Zambia;FWD;23;721;1;0;15;0;0;0
Ricardo Pereira;Leicester City;Portugal;DEF;10;385;0;0;2;0;0;0
Stephy Mavididi;Leicester City;England;MID;30;1613;4;1;26;8;2124;1872
Victor Kristiansen;Leicester City;Denmark;DEF;30;2489;0;1;3;8;2923;2680
Wilfred Ndidi;Leicester City;Nigeria;MID;28;2336;0;5;22;1;890;721
Will Alves;Leicester City;England;FWD;1;1;0;0;0;0;0;0
Wout Faes;Leicester City;Belgium;DEF;34;2812;1;0;12;16;444;305
Woyo Coulibaly;Leicester City;France;DEF;4;107;0;0;2;0;0;0
Alexis Mac Allister;Liverpool;Argentina;MID;35;2607;5;5;38;17;854;734
Alisson Becker;Liverpool;Brazil;GKP;28;2509;0;0;0;0;0;0
Andy Robertson;Liverpool;Scotland;DEF;33;2492;0;0;15;24;632;491
Caoimhín Kelleher;Liverpool;Ireland;GKP;10;900;0;0;0;0;0;0
Cody Gakpo;Liverpool;Netherlands;FWD;35;1938;10;4;57;51;1310;1089
Conor Bradley;Liverpool;Northern Ireland;DEF;19;748;0;2;10;0;0;0
Curtis Jones;Liverpool;England;MID;33;1710;3;3;34;4;718;592
Darwin Núñez;Liverpool;Uruguay;FWD;30;1118;5;0;34;12;348;286
Diogo Jota;Liverpool;Portugal;FWD;26;1194;6;3;51;3;979;850
Dominik Szoboszlai;Liverpool;Hungary;MID;36;2496;6;6;67;10;505;417
Federico Chiesa;Liverpool;Italy;FWD;6;104;0;0;5;0;0;0
Harvey Elliott;Liverpool;England;MID;18;360;1;2;17;0;0;0
Ibrahima Konaté;Liverpool;France;DEF;31;2565;1;2;19;5;1401;1220
Jarell Quansah;Liverpool;England;DEF;13;488;0;0;1;0;0;0
Jayden Danns;Liverpool;England;MID;1;10;0;0;0;0;0;0
Joe Gomez;Liverpool;England;DEF;9;519;0;0;3;0;0;0
Kostas Tsimikas;Liverpool;Greece;DEF;18;833;0;0;4;0;0;0
Luis Díaz;Liverpool;Colombia;MID;36;2410;0;5;71;0;517;435
Mohamed Salah;Liverpool;Egypt;MID;38;3377;29;18;130;22;769;691
Ryan Gravenberch;Liverpool;Netherlands;MID;37;3168;0;4;20;9;747;618
Trent Alexander-Arnold;Liverpool;England;DEF;33;2377;3;6;45;7;1094;944
Virgil van Dijk;Liverpool;Netherlands;DEF;37;3330;3;0;27;1;972;764
Vítezslav Jaros;Liverpool;Czech Republic;GKP;1;11;0;0;0;0;0;0
Wataru Endo;Liverpool;Japan;MID;20;261;0;0;0;0;0;0
Abdukodir Khusanov;Manchester City;Uzbekistan;DEF;6;504;0;0;1;0;0;0
Bernardo Silva;Manchester City;Portugal;MID;33;2667;4;0;32;23;264;155
Claudio Echeverri;Manchester City;Argentina;FWD;1;5;0;0;0;0;0;0
Divin Mubama;Manchester City;England;FWD;1;27;0;0;1;0;0;0
Ederson;Manchester City;Brazil;GKP;26;2321;0;0;0;0;0;0
Erling Haaland;Manchester City;Norway;FWD;31;2741;22;3;108;6;1032;904
Ilkay Gündogan;Manchester City;Germany;MID;33;2227;1;0;27;1;1701;1403
Jack Grealish;Manchester City;England;MID;20;715;1;0;15;0;0;0
Jahmai Simpson-Pusey;Manchester City;England;DEF;2;95;0;0;0;0;0;0
James McAtee;Manchester City;England;MID;15;342;3;0;12;0;0;0
Jérémy Doku;Manchester City;Belgium;MID;29;1513;3;6;29;6;2054;1704
John Stones;Manchester City;England;DEF;11;545;2;0;2;0;0;0
Josko Gvardiol;Manchester City;Croatia;DEF;37;3279;5;0;40;4;1182;1039
Kevin De Bruyne;Manchester City;Belgium;MID;28;1704;4;7;57;27;448;288
Kyle Walker;Manchester City;England;DEF;15;967;0;0;5;6;1495;1353
Manuel Akanji;Manchester City;Switzerland;DEF;26;2014;0;0;15;4;897;795
Mateo Kovacic;Manchester City;Croatia;MID;31;2202;6;2;45;14;1236;1045
Matheus Nunes;Manchester City;Portugal;MID;26;1673;1;0;9;9;223;171
Nathan Aké;Manchester City;Netherlands;DEF;10;682;0;0;3;0;0;0
Nico González;Manchester City;Spain;MID;11;763;1;0;9;0;0;0
Nico O'Reilly;Manchester City;England;DEF;9;527;2;0;8;0;0;0
Omar Marmoush;Manchester City;Egypt;FWD;16;1182;7;0;49;19;788;665
Oscar Bobb;Manchester City;Norway;MID;3;14;0;0;0;0;0;0
Phil Foden;Manchester City;England;MID;28;1779;7;2;54;1;836;712
Rico Lewis;Manchester City;England;DEF;28;1891;1;2;10;6;1068;942
Rodri;Manchester City;Spain;MID;3;73;0;0;0;0;0;0
Rúben Dias;Manchester City;Portugal;DEF;27;2269;0;0;21;5;1904;1704
Savinho;Manchester City;Brazil;FWD;29;1770;1;8;55;6;1209;1036
Stefan Ortega;Manchester City;Germany;GKP;13;1099;0;0;0;0;0;0
Vitor Reis;Manchester City;Brazil;DEF;1;1;0;0;0;0;0;0
Wes Burns;Manchester City;Wales;MID;18;933;0;1;7;0;781;709
Alejandro Garnacho;Manchester United;Argentina;MID;36;2195;6;2;84;30;750;625
Altay Bayindir;Manchester United;Turkiye;GKP;4;360;0;0;0;0;0;0
Amad Diallo;Manchester United;Cote D’Ivoire;MID;26;1901;8;6;47;6;799;701
André Onana;Manchester United;Cameroon;GKP;34;3060;0;0;0;0;0;0
Antony;Manchester United;Brazil;DEF;8;135;0;0;6;0;0;0
Ayden Heaven;Manchester United;England;DEF;4;171;0;0;2;0;0;0
Bruno Fernandes;Manchester United;Portugal;MID;36;3024;8;10;96;15;1758;1471
Casemiro;Manchester United;Brazil;MID;24;1497;1;0;32;6;833;677
Chido Obi;Manchester United;Denmark;FWD;7;160;0;0;5;0;0;0
Christian Eriksen;Manchester United;Denmark;MID;23;1059;1;2;15;16;1394;1153
Diogo Dalot;Manchester United;Portugal;DEF;33;2813;0;3;25;13;299;213
Harry Amass;Manchester United;England;DEF;5;346;0;0;3;0;0;0
Harry Maguire;Manchester United;England;DEF;27;1757;1;0;15;17;399;311
Jonny Evans;Manchester United;Northern Ireland;DEF;7;314;0;0;2;0;0;0
Joshua Zirkzee;Manchester United;Netherlands;FWD;32;1392;3;0;28;22;354;261
Kobbie Mainoo;Manchester United;England;MID;25;1656;0;0;15;5;1244;1081
Leny Yoro;Manchester United;France;DEF;21;1162;0;0;5;6;352;273
Lisandro Martínez;Manchester United;Argentina;DEF;20;1754;2;1;17;2;688;610
Luke Shaw;Manchester United;England;DEF;7;348;0;0;1;0;0;0
Manuel Ugarte;Manchester United;Uruguay;MID;29;1789;1;2;19;12;1633;1449
Mason Mount;Manchester United;England;MID;17;621;1;0;20;0;0;0
Matthijs de Ligt;Manchester United;Netherlands;DEF;29;2128;2;0;18;6;764;646
Noussair Mazraoui;Manchester United;Morocco;DEF;37;2848;0;1;13;2;1027;822
Patrick Dorgu;Manchester United;Denmark;DEF;12;842;0;0;10;0;0;0
Rasmus Højlund;Manchester United;Denmark;FWD;32;2013;4;0;32;13;1377;1194
Scott McTominay;Manchester United;Scotland;MID;2;17;0;0;1;0;0;0
Toby Collyer;Manchester United;England;MID;6;175;0;0;1;0;0;0
Tyler Fredricson;Manchester United;England;DEF;2;166;0;0;0;0;0;0
Tyrell Malacia;Manchester United;Netherlands;DEF;3;99;0;0;0;0;0;0
Victor Lindelöf;Manchester United;Sweden;DEF;16;697;0;0;0;0;0;0
Alexander Isak;Newcastle United;Sweden;FWD;34;2769;23;0;99;14;1424;1242
Anthony Gordon;Newcastle United;England;MID;34;2444;6;5;59;41;997;780
Bruno Guimarães;Newcastle United;Brazil;MID;38;3282;5;0;45;41;1092;807
Callum Wilson;Newcastle United;England;FWD;18;357;0;0;6;0;0;0
Dan Burn;Newcastle United;England;DEF;37;3330;1;1;23;20;495;326
Emil Krafth;Newcastle United;Sweden;DEF;12;334;0;0;1;0;0;0
Fabian Schär;Newcastle United;Switzerland;DEF;34;2937;4;0;40;12;515;410
Harvey Barnes;Newcastle United;England;MID;33;1755;9;4;63;5;616;535
Jacob Murphy;Newcastle United;England;MID;35;2379;8;12;43;4;569;493
Joe Willock;Newcastle United;England;MID;32;1074;0;2;18;11;405;292
Joelinton;Newcastle United;Brazil;MID;29;2404;4;3;45;7;1574;1357
Kieran Trippier;Newcastle United;England;DEF;25;1308;0;3;4;2;818;715
Lewis Hall;Newcastle United;England;DEF;27;2192;0;4;11;32;348;216
Lewis Miley;Newcastle United;England;MID;14;304;1;0;3;0;0;0
Martin Dúbravka;Newcastle United;Slovakia;GKP;10;900;0;0;0;0;0;0
Matt Targett;Newcastle United;England;DEF;2;20;0;0;0;0;0;0
Miguel Almirón;Newcastle United;Paraguay;MID;9;151;0;0;6;0;0;0
Nick Pope;Newcastle United;England;GKP;28;2520;0;0;0;0;0;0
Sandro Tonali;Newcastle United;Italy;MID;36;2631;4;2;35;3;837;737
Sean Longstaff;Newcastle United;England;MID;25;786;0;0;6;0;0;0
Sven Botman;Newcastle United;Netherlands;DEF;8;414;0;0;5;0;0;0
Tino Livramento;Newcastle United;England;DEF;37;2842;0;1;6;18;949;710
William Osula;Newcastle United;Denmark;FWD;14;124;1;0;4;0;0;0
Álex Moreno;Nottingham Forest;Spain;DEF;15;959;0;1;6;46;658;507
Anthony Elanga;Nottingham Forest;Sweden;MID;38;2507;6;11;44;19;809;655
Callum Hudson-Odoi;Nottingham Forest;England;MID;31;2201;5;2;37;4;2137;1926
Chris Wood;Nottingham Forest;New Zealand;FWD;36;2976;20;3;68;2;657;562
Danilo;Nottingham Forest;Brazil;MID;8;275;0;0;0;0;0;0
Elliot Anderson;Nottingham Forest;England;MID;37;2742;2;6;40;7;868;715
Eric da Silva Moreira;Nottingham Forest;Germany;MID;2;28;0;0;0;0;0;0
Harry Toffolo;Nottingham Forest;England;DEF;4;135;0;0;1;0;0;0
Ibrahim Sangaré;Nottingham Forest;Cote D’Ivoire;MID;13;590;0;0;1;0;0;0
Jota Silva;Nottingham Forest;Portugal;FWD;31;840;3;1;23;0;0;0
Matz Sels;Nottingham Forest;Belgium;GKP;38;3420;0;0;0;0;0;0
Morato;Nottingham Forest;Brazil;DEF;26;893;0;0;2;0;0;0
Morgan Gibbs-White;Nottingham Forest;England;MID;34;2822;7;8;61;20;864;651
Murillo;Nottingham Forest;Brazil;DEF;36;3191;2;0;25;1;667;624
Nathan Wood;Nottingham Forest;England;DEF;11;772;0;0;2;0;0;0
Neco Williams;Nottingham Forest;Wales;DEF;35;2590;1;3;37;35;390;299
Nicolás Domínguez;Nottingham Forest;Argentina;MID;34;1970;0;1;21;8;1026;850
Nikola Milenkovic;Nottingham Forest;Serbia;DEF;37;3330;5;2;29;3;1589;1368
Ola Aina;Nottingham Forest;Nigeria;DEF;35;3003;2;1;11;1;495;418
Ramón Sosa;Nottingham Forest;Paraguay;FWD;19;281;1;0;11;0;0;0
Ryan Yates;Nottingham Forest;England;MID;35;1904;2;0;33;3;1423;1243
Taiwo Awoniyi;Nottingham Forest;Nigeria;FWD;26;400;1;0;10;0;0;0
Willy-Arnaud Boly;Nottingham Forest;Cote D’Ivoire;DEF;6;146;0;0;1;0;0;0
Aaron Ramsdale;Southampton;England;GKP;30;2700;0;0;0;0;0;0
Adam Lallana;Southampton;England;MID;14;356;0;2;3;0;0;0
Albert Grønbæk;Southampton;Denmark;FWD;4;143;0;0;2;0;0;0
Alex McCarthy;Southampton;England;GKP;5;450;0;0;0;0;0;0
Armel Bella-Kotchap;Southampton;Germany;DEF;4;329;0;0;1;0;0;0
Ben Brereton;Southampton;Chile;FWD;10;448;0;0;11;0;0;0
Cameron Archer;Southampton;England;FWD;35;1432;2;0;29;3;770;626
Charlie Taylor;Southampton;England;DEF;8;353;0;0;0;0;0;0
Chiedozie Ogbene;Southampton;Ireland;FWD;5;240;0;0;0;0;0;0
Flynn Downes;Southampton;England;MID;27;2154;1;0;10;5;1628;1477
Jack Stephens;Southampton;England;DEF;19;1394;1;0;4;4;1095;948
James Bree;Southampton;England;DEF;17;1073;0;1;4;4;698;573
Jan Bednarek;Southampton;Poland;DEF;30;2535;2;0;5;5;2265;2004
Jay Robinson;Southampton;England;MID;4;135;0;0;1;0;0;0
Joachim Kayi-Sanda;Southampton;France;DEF;2;12;0;0;0;0;0;0
Joe Aribo;Southampton;Nigeria;MID;32;2018;3;0;17;10;483;388
Joe Lumley;Southampton;England;GKP;3;270;0;0;0;0;0;0
Kamaldeen Sulemana;Southampton;Ghana;MID;26;1406;1;0;29;27;890;719
Kyle Walker-Peters;Southampton;England;DEF;33;2922;0;2;20;22;853;687
Lesley Ugochukwu;Southampton;France;MID;26;1664;1;0;10;4;2595;2328
Mason Holgate;Southampton;Jamaica;DEF;1;5;0;0;0;0;0;0
Mateus Fernandes;Southampton;Portugal;MID;36;2919;2;4;42;44;949;753
Paul Onuachu;Southampton;Nigeria;FWD;25;1044;4;0;34;17;731;648
Ronnie Edwards;Southampton;England;DEF;1;12;0;0;0;0;0;0
Ross Stewart;Southampton;Scotland;FWD;12;385;1;0;9;0;0;0
Ryan Fraser;Southampton;Scotland;MID;8;306;0;0;1;0;0;0
Ryan Manning;Southampton;Ireland;DEF;24;1468;0;1;8;7;2309;2165
Sam Amo-Ameyaw;Southampton;England;MID;2;26;0;0;1;0;0;0
Samuel Edozie;Southampton;England;MID;2;64;0;0;0;0;0;0
Taylor Harwood-Bellis;Southampton;England;DEF;34;2828;1;0;20;9;1840;1631
Tyler Dibling;Southampton;England;FWD;33;1874;2;0;28;3;1025;754
Welington;Southampton;Brazil;DEF;10;480;0;0;3;0;0;0
Will Smallbone;Southampton;Ireland;MID;18;682;1;0;7;0;0;0
Yukinari Sugawara;Southampton;Japan;DEF;30;1555;1;0;14;4;846;753
Alfie Dorrington;Tottenham Hotspur;England;DEF;1;13;0;0;0;0;0;0
Antonín Kinsky;Tottenham Hotspur;Czech Republic;GKP;6;540;0;0;0;0;0;0
Archie Gray;Tottenham Hotspur;England;MID;28;1743;0;0;1;3;737;542
Ben Davies;Tottenham Hotspur;Wales;DEF;17;1330;0;0;5;3;320;249
Brandon Austin;Tottenham Hotspur;England;GKP;1;90;0;0;0;0;0;0
Brennan Johnson;Tottenham Hotspur;Wales;MID;33;2179;0;3;54;29;2020;1647
Cristian Romero;Tottenham Hotspur;Argentina;DEF;18;1420;1;0;16;13;1059;992
Dane Scarlett;Tottenham Hotspur;England;FWD;3;31;0;0;1;0;0;0
Dejan Kulusevski;Tottenham Hotspur;Sweden;MID;32;2391;7;4;47;1;953;841
Destiny Udogie;Tottenham Hotspur;Italy;DEF;25;1931;0;0;5;5;1373;1151
Djed Spence;Tottenham Hotspur;England;DEF;25;1790;1;2;10;20;282;179
Dominic Solanke;Tottenham Hotspur;England;FWD;27;2206;9;3;60;23;1243;1066
Fraser Forster;Tottenham Hotspur;England;GKP;7;630;0;0;0;0;0;0
Guglielmo Vicario;Tottenham Hotspur;Italy;GKP;24;2160;0;0;0;0;0;0
James Maddison;Tottenham Hotspur;England;MID;31;1816;9;7;39;4;1277;1042
Kevin Danso;Tottenham Hotspur;Austria;DEF;10;843;0;0;7;0;0;0
Lucas Bergvall;Tottenham Hotspur;Sweden;MID;27;1206;0;1;12;3;980;811
Mathys Tel;Tottenham Hotspur;France;FWD;13;913;2;0;23;4;647;559
Micky van de Ven;Tottenham Hotspur;Netherlands;DEF;13;1018;0;2;6;15;558;446
Mikey Moore;Tottenham Hotspur;England;FWD;10;361;0;1;3;0;0;0
Pape Sarr;Tottenham Hotspur;Senegal;MID;36;1913;3;0;34;3;1359;1214
Pedro Porro;Tottenham Hotspur;Spain;DEF;33;2608;2;0;39;9;1308;1155
Radu Dragusin;Tottenham Hotspur;Romania;DEF;16;1251;0;0;5;13;325;248
Richarlison;Tottenham Hotspur;Brazil;FWD;15;500;4;1;17;0;0;0
Rodrigo Bentancur;Tottenham Hotspur;Uruguay;MID;26;1653;2;0;22;19;140;92
Sergio Reguilón;Tottenham Hotspur;Spain;DEF;4;195;0;0;2;0;0;0
Son Heung-Min;Tottenham Hotspur;South Korea;MID;30;2116;7;9;57;7;528;437
Timo Werner;Tottenham Hotspur;Germany;MID;18;508;0;3;8;0;0;0
Will Lankshear;Tottenham Hotspur;England;FWD;3;10;0;0;0;0;0;0
Wilson Odobert;Tottenham Hotspur;France;FWD;16;849;1;0;13;0;0;0
Yves Bissouma;Tottenham Hotspur;Mali;MID;28;1405;2;0;11;0;320;249
Aaron Cresswell;West Ham United;England;DEF;18;823;0;0;5;0;0;0
Aaron Wan-Bissaka;West Ham United;England;DEF;36;3154;2;5;16;5;1503;1244
Alphonse Areola;West Ham United;France;GKP;26;2259;0;0;0;0;0;0
Andy Irving;West Ham United;Scotland;MID;10;162;0;0;4;0;0;0
Carlos Soler;West Ham United;Spain;MID;31;1404;1;0;25;10;960;770
Crysencio Summerville;West Ham United;Netherlands;FWD;19;780;1;0;14;0;0;0
Danny Ings;West Ham United;England;FWD;15;270;1;2;14;0;0;0
Edson Álvarez;West Ham United;Mexico;MID;28;1781;0;1;12;7;1289;1061
Emerson;West Ham United;Italy;GKP;31;2126;2;0;16;11;1001;914
Evan Ferguson;West Ham United;Ireland;FWD;21;387;1;0;12;0;0;0
Guido Rodríguez;West Ham United;Argentina;MID;23;1155;0;0;8;7;1118;963
James Ward-Prowse;West Ham United;England;MID;24;1440;1;2;15;26;371;257
Jarrod Bowen;West Ham United;England;MID;34;2979;0;8;87;0;1071;946
Jean-Clair Todibo;West Ham United;France;DEF;27;1831;0;0;5;33;420;286
Kaelan Casey;West Ham United;England;DEF;1;1;0;0;0;0;0;0
Konstantinos Mavropanos;West Ham United;Greece;DEF;33;2037;0;0;18;3;558;434
Lewis Orford;West Ham United;England;MID;2;47;0;0;1;0;0;0
Lucas Paquetá;West Ham United;Brazil;MID;33;2384;4;0;41;30;826;711
Luis Guilherme;West Ham United;Brazil;MID;12;139;0;0;4;0;0;0
Lukasz Fabianski;West Ham United;Poland;GKP;14;1161;0;0;0;0;0;0
Maximilian Kilman;West Ham United;England;DEF;38;3349;0;1;13;4;372;312
Maxwel Cornet;West Ham United;Cote D’Ivoire;MID;2;71;0;0;1;0;0;0
Michail Antonio;West Ham United;Jamaica;FWD;14;844;1;1;19;0;0;0
Mohammed Kudus;West Ham United;Ghana;MID;32;2601;5;3;75;3;2153;1941
Niclas Füllkrug;West Ham United;Germany;FWD;18;788;3;2;16;0;0;0
Ollie Scarles;West Ham United;England;DEF;15;662;0;0;3;0;0;0
Tomás Soucek;West Ham United;Czech Republic;MID;35;2570;9;0;55;2;1177;1075
Vladimír Coufal;West Ham United;Czech Republic;DEF;22;1061;0;0;7;1;199;139
Alfie Pond;Wolverhampton Wanderers;England;DEF;1;1;0;0;0;0;0;0
André;Wolverhampton Wanderers;Brazil;MID;33;2484;0;0;10;1;1338;1245
Boubacar Traoré;Wolverhampton Wanderers;Mali;MID;1;1;0;0;0;0;0;0
Carlos Forbs;Wolverhampton Wanderers;Portugal;MID;10;232;0;0;2;0;0;0
Chiquinho;Wolverhampton Wanderers;Portugal;MID;1;6;0;0;0;0;0;0
Craig Dawson;Wolverhampton Wanderers;England;DEF;15;969;0;0;5;8;1211;1086
Dan Bentley;Wolverhampton Wanderers;England;GKP;2;180;0;0;0;0;0;0
Daniel Podence;Wolverhampton Wanderers;Portugal;MID;2;46;0;0;1;0;0;0
Emmanuel Agbadou;Wolverhampton Wanderers;Cote D’Ivoire;DEF;16;1411;1;0;7;20;1778;1489
Gonçalo Guedes;Wolverhampton Wanderers;Portugal;MID;29;987;2;4;27;1;563;478
Hwang Hee-Chan;Wolverhampton Wanderers;South Korea;MID;21;650;2;0;5;0;0;0
Jean-Ricner Bellegarde;Wolverhampton Wanderers;France;MID;35;1681;2;7;22;8;1055;821
João Gomes;Wolverhampton Wanderers;Brazil;DEF;36;2987;3;0;35;14;1010;846
Jørgen Strand Larsen;Wolverhampton Wanderers;Norway;FWD;35;2599;0;0;54;29;680;551
José Sá;Wolverhampton Wanderers;Portugal;GKP;29;2609;0;0;0;0;0;0
Mario Lemina;Wolverhampton Wanderers;Gabon;MID;17;1363;1;3;18;7;201;148
Marshall Munetsi;Wolverhampton Wanderers;Zimbabwe;MID;14;1079;2;1;22;17;1389;1207
Mateus Mané;Wolverhampton Wanderers;England;MID;1;1;0;0;0;0;0;0
Matheus Cunha;Wolverhampton Wanderers;Brazil;MID;33;2600;15;6;110;4;1079;958
Matt Doherty;Wolverhampton Wanderers;Ireland;DEF;30;2113;2;1;10;7;360;299
Nasser Djiga;Wolverhampton Wanderers;Burkina Faso;DEF;5;65;0;0;0;0;0;0
Nélson Semedo;Wolverhampton Wanderers;Portugal;DEF;34;2891;0;4;18;9;927;813
Pablo Sarabia;Wolverhampton Wanderers;Spain;MID;23;805;3;0;17;0;0;0
Pedro Lima;Wolverhampton Wanderers;Brazil;DEF;3;70;0;0;1;0;0;0
Rayan Aït-Nouri;Wolverhampton Wanderers;Algeria;DEF;37;3127;4;7;36;3;743;657
Rodrigo Gomes;Wolverhampton Wanderers;Portugal;MID;25;797;2;0;7;0;0;0
Sam Johnstone;Wolverhampton Wanderers;England;GKP;7;630;0;0;0;0;0;0
Santiago Bueno;Wolverhampton Wanderers;Uruguay;DEF;29;1682;0;0;6;3;1195;1077
Tom King;Wolverhampton Wanderers;Wales;GKP;1;1;0;0;0;0;0;0
Tommy Doyle;Wolverhampton Wanderers;England;MID;24;475;0;1;9;0;0;0
Toti Gomes;Wolverhampton Wanderers;Portugal;DEF;31;2615;0;0;7;8;1616;1256
Yerson Mosquera;Wolverhampton Wanderers;Colombia;DEF;5;442;0;0;2;0;0;0
